timestamp	commit	metric	value	status	description	hash
2026-03-16T00:14:16.589130	9411cf2	accuracy	0.450000	keep	iteration 1	b055be30972b
2026-03-16T00:14:19.653757	9411cf2	accuracy	0.450000	discard	iteration 2	b055be30972b
2026-03-16T00:14:22.706132	9411cf2	accuracy	0.450000	discard	iteration 3	b055be30972b
2026-03-16T00:14:25.683174	9411cf2	accuracy	0.450000	discard	iteration 4	b055be30972b
2026-03-16T00:14:28.622102	9411cf2	accuracy	0.450000	discard	iteration 5	b055be30972b
2026-03-16T00:14:31.602854	9411cf2	accuracy	0.450000	discard	iteration 6	b055be30972b
2026-03-16T00:14:34.582190	9411cf2	accuracy	0.500000	keep	iteration 7	b055be30972b
2026-03-16T00:14:37.797352	9411cf2	accuracy	0.500000	discard	iteration 8	b055be30972b
2026-03-16T00:14:40.855628	9411cf2	accuracy	0.500000	discard	iteration 9	b055be30972b
2026-03-16T00:14:44.850482	9411cf2	accuracy	0.550000	keep	iteration 10	b055be30972b
2026-03-16T00:14:48.007508	9411cf2	accuracy	0.500000	discard	iteration 11	b055be30972b
2026-03-16T00:14:51.058673	9411cf2	accuracy	0.500000	discard	iteration 12	b055be30972b
2026-03-16T00:14:53.975011	9411cf2	accuracy	0.500000	discard	iteration 13	b055be30972b
2026-03-16T00:14:57.069272	9411cf2	accuracy	0.500000	discard	iteration 14	b055be30972b
2026-03-16T00:15:00.048497	9411cf2	accuracy	0.500000	discard	iteration 15	b055be30972b
2026-03-16T00:15:03.015312	9411cf2	accuracy	0.500000	discard	iteration 16	b055be30972b
2026-03-16T00:15:06.011769	9411cf2	accuracy	0.500000	discard	iteration 17	b055be30972b
2026-03-16T00:15:08.932611	9411cf2	accuracy	0.500000	discard	iteration 18	b055be30972b
2026-03-16T00:15:11.903994	9411cf2	accuracy	0.550000	discard	iteration 19	b055be30972b
2026-03-16T00:15:14.876583	9411cf2	accuracy	0.550000	discard	iteration 20	b055be30972b
